,City,Cloudiness,Country,Date,Humidity,Max Temp,Lat,Lng,Wind Speed
0,Lindi,20,TZ,1587653758,70,29.0,-10.0,39.72,5.1
1,Hobart,40,AU,1587653759,71,13.33,-42.88,147.33,2.6
2,Hermanus,83,ZA,1587653759,65,20.56,-34.42,19.23,3.13
3,Treinta y Tres,91,UY,1587653759,75,21.32,-33.23,-54.38,2.58
4,Nayoro,100,JP,1587653759,95,-2.4,44.35,142.46,1.88
5,Ushuaia,77,AR,1587653583,73,5.78,-54.8,-68.3,1.47
6,Plastun,0,RU,1587653760,92,-0.81,44.76,136.29,3.62
7,Cockburn Town,28,TC,1587653760,77,26.36,21.46,-71.14,6.99
8,Le Moule,75,GP,1587653760,55,30.0,16.33,-61.35,6.2
9,Mataura,28,NZ,1587653760,86,11.67,-46.19,168.86,4.02
10,Khatanga,100,RU,1587653761,95,-2.56,71.97,102.5,6.16
11,Vaini,40,TO,1587653761,100,21.0,-21.2,-175.2,1.0
12,Sandwick,20,GB,1587653761,81,10.0,60.0,-1.25,3.6
13,Mazatlán,40,MX,1587653707,100,19.44,23.22,-106.42,0.91
14,Chilca,17,PE,1587653761,64,23.0,-12.52,-76.74,4.1
15,Arraial do Cabo,40,BR,1587653691,61,27.0,-22.97,-42.03,4.1
16,Butaritari,70,KI,1587653762,78,28.37,3.07,172.79,5.92
17,New Norfolk,93,AU,1587653762,75,13.33,-42.78,147.06,2.24
18,Sambava,69,MG,1587653762,83,25.38,-14.27,50.17,3.85
19,Albany,40,US,1587653495,25,6.11,42.6,-73.97,4.1
20,Turaif,1,SA,1587653762,30,27.0,31.67,38.66,7.2
21,Rikitea,52,PF,1587653762,80,23.96,-23.12,-134.97,5.95
22,Santiago,90,CL,1587653616,82,14.0,-33.46,-70.65,1.5
23,Katsuura,20,JP,1587653763,71,13.0,35.13,140.3,5.1
24,Ocampo,21,MX,1587653763,10,21.18,21.65,-101.5,5.07
25,Hofn,20,IS,1587653763,66,10.0,64.25,-15.21,5.1
26,Tiksi,100,RU,1587653763,97,-5.94,71.69,128.87,1.58
27,Loei,88,TH,1587653763,63,28.89,17.42,101.5,0.41
28,Charlestown,100,AU,1587653764,82,17.78,-32.95,151.67,3.1
29,Yellowknife,20,CA,1587653764,78,-11.11,62.46,-114.35,1.0
30,Saint George,1,US,1587653764,62,12.0,37.1,-113.58,3.51
31,Wajid,100,SO,1587653764,57,28.53,3.81,43.25,2.98
32,Lebu,96,CL,1587653764,84,13.18,-37.62,-73.65,5.48
33,Cayenne,75,GF,1587653765,66,30.0,4.93,-52.33,6.2
34,Rio Grande,40,BR,1587653654,69,24.44,-32.03,-52.1,3.1
35,Goderich,97,CA,1587653765,47,4.44,43.75,-81.72,6.64
36,Aklavik,90,CA,1587653765,78,-13.0,68.22,-135.01,4.6
37,Ostrovnoy,100,RU,1587653765,95,-3.99,68.05,39.51,10.03
38,Charter Township of Clinton,90,US,1587653765,100,5.0,42.59,-82.92,5.7
39,Bambous Virieux,75,MU,1587653766,78,26.0,-20.34,57.76,4.6
40,Khāsh,61,IR,1587653766,26,23.02,28.22,61.22,4.71
41,Kavieng,99,PG,1587653766,71,28.6,-2.57,150.8,1.64
42,Innisfail,5,AU,1587653766,86,22.93,-17.53,146.03,2.37
43,Humaitá,70,BR,1587653766,60,32.31,-7.51,-63.02,0.55
44,Codrington,40,AU,1587653766,88,15.17,-38.27,141.97,6.28
45,Isabela,0,PH,1587653767,76,27.11,6.71,121.97,0.68
46,Clyde River,1,CA,1587653767,77,-14.0,70.47,-68.59,1.46
47,Ranong,100,TH,1587653767,77,28.54,9.97,98.63,2.43
48,Aripuanã,9,BR,1587653767,54,32.58,-9.17,-60.63,0.8
49,Hopewell,90,US,1587653767,62,15.56,37.3,-77.29,2.1
50,Buea,75,CM,1587653768,74,30.0,4.15,9.24,1.5
51,Chokurdakh,9,RU,1587653768,96,-9.76,70.63,147.92,3.71
52,Petropavlovsk-Kamchatskiy,90,RU,1587653768,86,3.0,53.05,158.65,6.0
53,Bethel,90,US,1587653768,47,5.56,41.37,-73.41,2.6
54,Bulungu,33,CD,1587653769,51,31.27,-4.55,18.6,0.42
55,Esperance,0,AU,1587653769,93,15.0,-33.87,121.9,3.1
56,Barrow,90,US,1587653769,92,-7.0,71.29,-156.79,3.6
57,Moree,77,AU,1587653769,62,13.0,-29.47,149.85,2.6
58,Avarua,48,CK,1587653769,94,24.0,-21.21,-159.78,1.0
59,Punta Arenas,75,CL,1587653769,81,9.0,-53.15,-70.92,7.7
60,Waingapu,79,ID,1587653770,79,26.46,-9.66,120.26,5.17
61,São Félix do Xingu,78,BR,1587653770,67,29.37,-6.64,-51.99,1.27
62,Port Alfred,86,ZA,1587653644,86,18.89,-33.59,26.89,3.12
63,Compostela,8,PH,1587653770,63,25.0,7.67,126.09,0.44
64,Cape Town,93,ZA,1587653682,49,23.33,-33.93,18.42,5.7
65,Isla Aguada,90,MX,1587653770,70,29.0,18.78,-91.47,5.1
66,Severo-Kuril'sk,100,RU,1587653771,95,0.45,50.68,156.12,3.22
67,Jamestown,90,US,1587653705,80,1.0,42.1,-79.24,3.1
68,Ponta do Sol,40,PT,1587653771,59,19.0,32.67,-17.1,6.2
69,Nizhniy Tsasuchey,100,RU,1587653771,41,8.25,50.52,115.13,4.42
70,Kapaa,90,US,1587653771,83,24.0,22.08,-159.32,5.7
71,Tasiilaq,75,GL,1587653772,80,4.0,65.61,-37.64,8.7
72,Castro,0,BR,1587653772,24,22.4,-24.79,-50.01,1.88
73,Mar del Plata,40,AR,1587653529,72,19.44,-38.0,-57.56,4.1
74,San Matías,0,BO,1587653772,44,31.86,-16.37,-58.4,1.82
75,Mahébourg,75,MU,1587653625,78,26.0,-20.41,57.7,4.6
76,Lagos,81,NG,1587653773,68,30.65,6.58,3.75,5.45
77,Pedasí,100,PA,1587653600,74,27.67,7.53,-80.03,4.66
78,Kamaishi,19,JP,1587653773,75,3.76,39.27,141.88,4.67
79,Poshekhon'ye,99,RU,1587653619,75,1.28,58.5,39.14,4.2
80,Nikolskoye,87,RU,1587653773,31,9.0,59.7,30.79,7.0
81,Upernavik,100,GL,1587653773,84,1.56,72.79,-56.15,1.35
82,Ossora,100,RU,1587653773,98,-1.72,59.24,163.07,3.59
83,Coyhaique,40,CL,1587653774,93,6.0,-45.58,-72.07,2.1
84,Narsaq,20,GL,1587653774,43,10.0,60.92,-46.05,1.5
85,Port Elizabeth,85,ZA,1587653774,77,19.0,-33.92,25.57,4.1
86,Gravdal,75,NO,1587653774,93,5.0,68.12,13.5,4.1
87,Pacific Grove,90,US,1587653774,93,13.33,36.62,-121.92,3.6
88,Saint-Philippe,40,RE,1587653775,78,25.0,-21.36,55.77,8.7
89,Ust'-Omchug,100,RU,1587653775,87,-8.32,61.15,149.63,1.77
90,Alta Floresta,44,BR,1587653680,70,28.44,-9.88,-56.09,1.21
91,Sulangan,27,PH,1587653775,76,28.25,11.14,123.72,5.07
92,Pevek,0,RU,1587653775,87,-12.42,69.7,170.31,1.93
93,Fort-Shevchenko,29,KZ,1587653776,56,10.88,44.51,50.26,4.95
94,Hithadhoo,97,MV,1587653776,78,28.1,-0.6,73.08,7.09
95,Bayan,76,CN,1587653776,39,5.0,46.08,127.4,2.91
96,Māngrol,38,IN,1587653776,72,28.02,21.12,70.12,7.49
97,Sistranda,75,NO,1587653776,93,6.0,63.73,8.83,7.2
98,Buenos Aires,75,AR,1587653456,88,20.56,-34.61,-58.38,4.1
99,Yumen,0,CN,1587653777,17,8.85,40.28,97.2,5.08
100,Salinópolis,92,BR,1587653777,82,26.72,-0.61,-47.36,1.26
101,Stykkisholmur,99,IS,1587653777,72,7.4,65.08,-22.73,2.74
102,Rundu,0,NA,1587653778,19,27.49,-17.93,19.77,2.7
103,San José de Río Tinto,30,HN,1587653778,37,29.35,14.93,-85.7,1.89
104,San Isidro,1,PE,1587653711,64,23.0,-12.12,-77.05,4.1
105,Ugoofaaru,100,MV,1587653778,75,28.96,5.67,73.0,5.22
106,Busselton,100,AU,1587653612,69,16.11,-33.65,115.33,2.91
107,Tefé,40,BR,1587653779,94,26.0,-3.35,-64.71,1.0
108,Sabang,100,ID,1587653779,73,28.59,5.89,95.32,4.26
109,Hong Kong,40,HK,1587653564,88,20.0,22.29,114.16,2.6
110,Shimoda,11,JP,1587653779,68,5.56,34.67,138.95,8.03
111,Ahipara,14,NZ,1587653779,85,15.38,-35.17,173.17,3.9
112,Santa Cruz del Sur,32,CU,1587653780,58,29.63,20.71,-78.0,5.83
113,Ngunguru,54,NZ,1587653780,99,15.0,-35.62,174.5,2.68
114,Touros,75,BR,1587653585,70,30.0,-5.2,-35.46,4.1
115,Yeppoon,40,AU,1587653780,83,22.0,-23.13,150.73,0.5
116,Laguna,1,US,1587653780,93,16.11,38.42,-121.42,3.38
117,Altamira,61,BR,1587653721,79,27.16,-3.2,-52.21,2.0
118,Puerto Cabezas,98,NI,1587653781,78,27.28,14.04,-83.39,2.13
119,Bilibino,0,RU,1587653781,81,-11.58,68.05,166.44,1.06
120,Paraná,74,AR,1587653650,48,27.22,-31.73,-60.52,1.34
121,Clarksville,90,US,1587653604,93,15.56,36.53,-87.36,2.6
122,Saskylakh,0,RU,1587653781,96,-9.04,71.92,114.08,0.79
123,Jalu,10,LY,1587653781,9,39.73,29.03,21.55,7.85
124,San Francisco del Mar Viejo,30,MX,1587653782,69,29.59,16.23,-94.65,5.16
125,Capaccio Paestum,40,IT,1587653782,55,19.0,40.42,15.08,5.7
126,Hajnówka,75,PL,1587653782,41,15.56,52.74,23.58,1.34
127,Faanui,12,PF,1587653782,77,26.97,-16.48,-151.75,8.41
128,Oswego,1,US,1587653782,38,5.0,43.45,-76.15,1.5
129,Pogar,90,RU,1587653783,50,11.87,52.55,33.26,4.03
130,Bambanglipuro,95,ID,1587653783,82,27.19,-7.95,110.28,4.08
131,Leningradskiy,0,RU,1587653783,91,-12.73,69.38,178.42,0.67
132,Saint-Augustin,89,CA,1587653783,93,0.5,51.23,-58.65,5.17
133,Puerto Ayora,20,EC,1587653783,74,27.22,-0.74,-90.35,7.2
134,Ambulu,73,ID,1587653784,77,26.97,-8.35,113.61,3.05
135,Hamilton,90,US,1587653571,87,12.22,39.18,-84.53,2.74
136,City of Banjul,34,GM,1587653646,45,30.0,13.45,-16.58,3.6
137,Shenjiamen,99,CN,1587653784,44,13.82,29.96,122.3,3.05
138,Anadyr,0,RU,1587653784,84,-16.0,64.75,177.48,2.0
139,Nouadhibou,0,MR,1587653784,68,21.0,20.93,-17.03,9.8
140,Cidreira,0,BR,1587653784,62,23.44,-30.18,-50.21,2.78
141,Lompoc,40,US,1587653784,100,15.56,34.64,-120.46,4.6
142,Saint Paul Harbor,90,US,1587653785,81,6.0,57.79,-152.41,2.63
143,Chara,97,RU,1587653785,72,-1.78,56.91,118.26,2.53
144,Tezu,83,IN,1587653785,54,20.03,27.92,96.17,1.76
145,Qaanaaq,100,GL,1587653785,90,-2.91,77.48,-69.36,1.98
146,Puerto Boyacá,96,CO,1587653772,66,29.55,5.98,-74.59,1.11
147,Fairlie,100,GB,1587653785,45,18.89,55.76,-4.86,3.6
148,Billings Metropolitan Area,75,US,1587653632,53,11.11,45.78,-108.5,5.1
149,Kulhudhuffushi,97,MV,1587653786,71,29.41,6.62,73.07,3.73
150,Dikson,100,RU,1587653786,86,1.76,73.51,80.55,12.07
151,Aswān,0,EG,1587653786,8,36.81,24.09,32.91,5.06
152,Turukhansk,94,RU,1587653786,65,8.61,65.82,87.98,10.58
153,Pangody,100,RU,1587653786,92,2.51,65.85,74.49,8.57
154,Mokhsogollokh,3,RU,1587653786,96,-2.29,61.47,128.92,0.8
155,Waipawa,100,NZ,1587653787,87,15.0,-41.41,175.52,5.7
156,Zambezi,1,ZM,1587653787,38,25.02,-13.54,23.1,2.47
157,Longyearbyen,0,SJ,1587653787,53,-4.0,78.22,15.64,1.5
158,Kumul,0,CN,1587653787,13,18.46,42.8,93.45,5.0
159,Grindavik,75,IS,1587653787,87,8.0,63.84,-22.43,5.1
160,George Town,40,MY,1587653620,100,25.56,5.41,100.34,2.6
161,Ribeira Grande,75,PT,1587653788,68,18.0,38.52,-28.7,4.1
162,Coquimbo,75,CL,1587653788,82,15.0,-29.95,-71.34,1.0
163,Australind,100,AU,1587653788,70,16.11,-33.27,115.72,1.67
164,Jutaí,98,BR,1587653788,73,27.11,-5.18,-68.9,1.02
165,Byron Bay,2,AU,1587653523,93,17.78,-28.65,153.62,2.1
166,Ambovombe,11,MG,1587653788,74,23.29,-25.17,46.08,6.26
167,Khokhlovo,75,RU,1587653788,47,1.0,59.15,37.4,4.0
168,Fort Nelson,75,CA,1587653789,52,3.0,58.81,-122.7,1.0
169,Severomuysk,84,RU,1587653789,77,-7.56,56.15,113.43,2.41
170,Yerbogachën,95,RU,1587653789,83,0.64,61.28,108.01,2.21
171,Cangzhou,0,CN,1587653789,34,10.49,38.32,116.87,4.88
172,Pontianak,100,ID,1587653789,89,25.86,-0.03,109.33,1.24
173,Nanortalik,41,GL,1587653790,88,3.1,60.14,-45.24,1.21
174,Tuktoyaktuk,90,CA,1587653790,77,-18.0,69.45,-133.04,8.7
175,São Filipe,41,CV,1587653790,73,21.8,14.9,-24.5,7.91
176,Hilo,75,US,1587653790,83,22.0,19.73,-155.09,1.5
177,Águilas,66,ES,1587653790,52,20.0,37.41,-1.58,2.24
178,Yangi Marg`ilon,72,UZ,1587653790,29,25.0,40.43,71.72,3.1
179,Nishihara,75,JP,1587653790,59,18.0,26.18,127.76,4.1
180,Morón,95,AR,1587653791,88,22.22,-34.65,-58.62,3.1
181,Yantal',0,RU,1587653791,79,0.86,56.85,105.25,1.38
182,Kholodnyy,100,RU,1587653791,84,-8.28,62.72,147.95,1.27
183,Bodden Town,20,KY,1587653791,74,30.0,19.28,-81.25,4.6
184,Aberdeen,68,GB,1587653780,38,15.56,57.14,-2.1,5.1
185,Cherëmukhovo,100,RU,1587653791,89,-1.05,60.35,59.99,2.13
186,Chui,88,UY,1587653791,80,20.67,-33.7,-53.46,2.45
187,Fortuna,75,US,1587653791,97,12.22,40.6,-124.16,1.92
188,Morehead,90,US,1587653792,100,14.0,37.27,-87.18,2.6
189,Pareora,41,NZ,1587653792,97,7.22,-44.49,171.21,2.02
190,Hasaki,20,JP,1587653792,87,9.0,35.73,140.83,2.6
191,Inongo,59,CD,1587653792,47,32.3,-1.95,18.27,0.23
192,Oktyabr'skiy,28,RU,1587653792,74,1.88,54.48,53.47,4.24
193,Atuona,3,PF,1587653793,65,27.81,-9.8,-139.03,5.29
194,Bantry,94,IE,1587653793,49,20.0,51.68,-9.45,2.1
195,Norman Wells,75,CA,1587653793,78,-8.0,65.28,-126.83,3.1
196,Lorengau,13,PG,1587653793,74,27.81,-2.02,147.27,1.13
197,Champerico,20,GT,1587653793,83,28.0,14.3,-91.92,3.8
198,College,75,US,1587653794,74,-1.11,64.86,-147.8,3.1
199,Caravelas,55,BR,1587653736,67,26.16,-17.71,-39.25,5.09
200,Los Llanos de Aridane,75,ES,1587653794,88,18.0,28.66,-17.92,2.6
201,Tuatapere,74,NZ,1587653794,86,11.67,-46.13,167.68,4.02
202,Bredasdorp,100,ZA,1587653794,49,20.0,-34.53,20.04,4.1
203,Oranjemund,88,NA,1587653794,57,22.99,-28.55,16.43,7.06
204,Marzuq,6,YE,1587653795,33,27.61,14.4,46.47,5.8
205,Klaksvík,95,FO,1587653795,76,10.0,62.23,-6.59,3.6
206,Provideniya,60,RU,1587653795,91,-7.78,64.38,-173.3,3.21
207,Patiya,100,BD,1587653795,66,26.09,22.29,91.98,2.16
208,Bengkulu,98,ID,1587653795,81,26.71,-3.8,102.27,2.23
209,San Quintín,0,MX,1587653796,57,20.01,30.48,-115.95,1.41
210,North Bend,90,US,1587653796,100,11.11,43.41,-124.22,3.1
211,Bosaso,9,SO,1587653796,67,29.53,11.28,49.18,4.39
212,Mehamn,97,NO,1587653796,90,-1.9,71.04,27.85,9.44
213,Eirunepé,63,BR,1587653796,64,29.55,-6.66,-69.87,1.39
214,Cochrane,75,CA,1587653524,69,7.22,51.18,-114.47,2.6
215,Kavaratti,88,IN,1587653797,69,30.0,10.57,72.64,4.31
216,Flinders,98,AU,1587653797,57,19.44,-34.58,150.86,4.34
217,Cacoal,37,BR,1587653797,69,30.3,-11.44,-61.45,1.07
218,Daru,61,PG,1587653797,85,26.38,-9.08,143.21,5.85
219,Alyangula,40,AU,1587653797,94,24.0,-13.85,136.42,5.12
220,Kaitangata,13,NZ,1587653798,63,10.56,-46.28,169.85,4.05
221,Kalianget,68,ID,1587653798,77,28.62,-7.05,113.93,5.58
222,Kiama,97,AU,1587653798,57,20.0,-34.68,150.87,4.33
223,Florø,20,NO,1587653798,70,9.0,61.6,5.03,7.2
224,Brae,0,GB,1587653798,71,10.0,60.4,-1.35,4.1
225,Luleå,90,SE,1587653799,69,4.0,65.58,22.15,1.5
226,Morro Bay,1,US,1587653799,68,18.0,35.37,-120.85,7.7
227,Vanimo,94,PG,1587653799,77,27.27,-2.67,141.3,1.7
228,Morrisburg,1,CA,1587653790,21,2.22,44.9,-75.18,4.6
229,São Gabriel da Cachoeira,64,BR,1587653799,57,30.5,-0.13,-67.09,1.45
230,Bluff,80,NZ,1587653799,86,11.67,-46.6,168.33,4.02
231,Tongren,100,CN,1587653800,73,12.01,27.72,109.19,1.04
232,Mugur-Aksy,19,RU,1587653800,22,7.84,50.35,90.5,1.06
233,Verkhoyansk,80,RU,1587653800,95,-6.82,67.54,133.38,0.73
234,Myre,75,NO,1587653800,93,5.0,69.1,15.95,4.1
235,Nichinan,20,JP,1587653800,66,11.0,31.6,131.37,5.1
236,Vao,32,NC,1587653800,74,23.85,-22.67,167.48,6.21
237,Samarai,16,PG,1587653801,81,26.22,-10.62,150.67,3.57
238,Poum,7,NC,1587653801,78,25.55,-20.23,164.02,5.25
239,Vila Velha,40,BR,1587653801,69,26.11,-20.33,-40.29,6.2
240,Port Macquarie,97,AU,1587653801,95,14.44,-31.43,152.92,2.49
241,Alofi,94,NU,1587653801,94,24.0,-19.06,-169.92,1.5
242,Naze,90,JP,1587653801,59,17.0,28.37,129.48,7.2
243,Alexander City,40,US,1587653618,93,14.44,32.94,-85.95,3.6
244,Province of Mantua,0,IT,1587653802,26,22.78,45.17,10.78,2.1
245,Belyy Yar,34,RU,1587653802,25,18.0,53.6,91.39,1.98
246,Kruisfontein,100,ZA,1587653802,67,17.63,-34.0,24.73,2.6
247,Cherskiy,20,RU,1587653802,91,-7.33,68.75,161.3,3.0
248,Gornopravdinsk,80,RU,1587653802,61,7.15,60.05,69.9,4.66
249,Salalah,20,OM,1587653802,79,30.0,17.02,54.09,5.1
250,Thompson,90,CA,1587653803,91,0.0,55.74,-97.86,1.5
251,San Patricio,90,MX,1587653803,83,22.0,19.22,-104.7,0.77
252,Bowen,90,AU,1587653803,88,23.89,-20.02,148.23,1.5
253,Guilin,90,CN,1587653803,82,15.0,25.28,110.29,2.0
254,Carnarvon,0,AU,1587653803,78,24.0,-24.87,113.63,6.2
255,Djibouti,1,DJ,1587653804,66,31.0,11.5,42.5,4.1
256,Carauari,100,BR,1587653804,65,29.73,-4.88,-66.9,1.75
257,Geraldton,32,AU,1587653804,78,22.0,-28.77,114.6,5.7
258,Forbes,100,AU,1587653804,54,17.78,-33.38,148.02,2.97
259,Mount Gambier,40,AU,1587653804,93,14.0,-37.83,140.77,4.6
260,Barra de Tecoanapa,47,MX,1587653805,54,28.77,16.52,-98.75,2.21
261,Bulawayo,29,ZW,1587653805,25,21.86,-20.15,28.58,5.02
262,Cabo San Lucas,5,MX,1587653805,43,23.33,22.89,-109.91,2.6
263,Gari,97,RU,1587653805,77,2.11,59.43,62.35,3.33
264,Armenia,75,AM,1587653805,81,9.0,40.0,45.0,1.0
265,Boguchany,50,RU,1587653806,50,8.92,58.38,97.45,3.32
266,Aksu,61,CN,1587653806,28,19.26,41.12,80.26,2.92
267,Beringovskiy,0,RU,1587653806,89,-12.2,63.05,179.32,4.07
268,Ixtapa,20,MX,1587653806,88,23.89,20.7,-105.2,1.5
269,East London,20,ZA,1587653807,77,21.0,-33.02,27.91,2.6
270,Iskateley,100,RU,1587653808,95,-5.82,67.68,53.15,5.63
271,Mago,100,RU,1587653808,96,-3.47,53.25,140.18,5.67
272,Paphos,75,CY,1587653672,77,20.0,34.77,32.42,5.7
273,Guerrero Negro,20,MX,1587653808,59,20.54,27.98,-114.06,3.82
274,Ancud,75,CL,1587653808,100,10.0,-41.87,-73.82,3.1
275,Laas,20,IT,1587653808,37,13.0,46.62,10.7,3.1
276,Koumac,2,NC,1587653808,81,23.75,-20.57,164.28,2.83
277,Nipawin,90,CA,1587653808,88,1.0,53.37,-104.0,3.1
278,Esim,67,GH,1587653809,68,30.0,4.87,-2.24,3.98
279,Prince Rupert,90,CA,1587653809,88,7.0,54.32,-130.32,1.0
280,Palmares do Sul,0,BR,1587653809,47,26.56,-30.26,-50.51,1.55
281,Kieta,100,PG,1587653809,82,25.82,-6.22,155.63,2.08
282,Ambilobe,95,MG,1587653809,83,25.41,-13.2,49.05,0.86
283,Hirara,100,JP,1587653809,81,19.17,24.8,125.28,11.29
284,Regen,0,DE,1587653809,28,20.0,48.97,13.13,2.76
285,Al Bardīyah,18,LY,1587653810,75,18.37,31.76,25.09,9.96
286,Biograd na Moru,0,HR,1587653810,32,20.0,43.94,15.45,8.2
287,Lima,1,PE,1587653703,64,23.0,-12.04,-77.03,4.1
288,Adrar,58,MR,1587653810,9,36.25,20.5,-10.07,7.07
289,Pangnirtung,75,CA,1587653810,92,-14.0,66.15,-65.71,1.5
290,Srednekolymsk,97,RU,1587653810,93,-6.98,67.45,153.68,1.49
291,Hutchinson,1,US,1587653599,76,16.67,38.06,-97.93,5.7
292,Wattegama,96,LK,1587653810,83,26.19,6.8,81.48,0.88
293,Maniwaki,0,CA,1587653810,67,-0.43,46.38,-75.97,2.85
294,Ilulissat,75,GL,1587653811,74,1.0,69.22,-51.1,2.6
295,Whittlesea,0,ZA,1587653811,25,21.3,-32.18,26.82,1.88
296,Xining,100,CN,1587653811,21,4.47,36.62,101.77,4.23
297,Sioux Lookout,75,CA,1587653811,59,1.0,50.1,-91.92,3.1
298,Alekseyevka,72,RU,1587653811,45,10.76,50.63,38.69,4.34
299,Christchurch,0,NZ,1587653730,100,5.0,-43.53,172.63,0.5
300,Skibbereen,75,IE,1587653811,62,15.0,51.55,-9.27,3.6
301,Lavrentiya,71,RU,1587653812,95,-7.27,65.58,-171.0,3.19
302,Bubaque,77,GW,1587653812,58,26.33,11.28,-15.83,5.0
303,Lüderitz,10,NA,1587653812,64,21.33,-26.65,15.16,4.33
304,Huadian,1,CN,1587653812,83,-0.33,42.96,126.75,1.58
305,San Luis,100,AR,1587653764,34,24.47,-33.3,-66.34,10.83
306,Lata,100,PT,1587653812,51,23.89,40.16,-8.33,1.95
307,Ténenkou,40,ML,1587653812,11,41.72,14.46,-4.92,4.16
308,Constitución,71,CL,1587653813,70,16.91,-35.33,-72.42,5.02
309,San Francisco,75,US,1587653531,87,14.44,37.77,-122.42,5.7
310,Dingle,33,PH,1587653813,77,27.33,11.0,122.67,5.07
311,Souillac,75,MU,1587653813,78,26.0,-20.52,57.52,4.6
312,Wajima,40,JP,1587653813,69,7.82,37.4,136.9,7.25
313,Hearst,53,CA,1587653813,94,-1.83,49.68,-83.67,1.4
314,Walvis Bay,1,NA,1587653813,57,22.59,-22.96,14.51,8.47
315,Calabozo,90,VE,1587653813,44,32.09,8.92,-67.43,4.05
316,Kichera,33,RU,1587653814,74,0.16,55.94,110.1,2.76
317,Mount Isa,0,AU,1587653814,21,26.0,-20.73,139.5,5.1
318,Airai,99,TL,1587653814,72,16.25,-8.93,125.41,1.69
319,Taltal,9,CL,1587653814,58,20.32,-25.4,-70.48,2.57
320,Kerema,100,PG,1587653814,88,25.19,-7.96,145.78,0.91
321,Kondinskoye,85,RU,1587653814,68,6.17,59.65,67.41,4.32
322,Omsukchan,43,RU,1587653815,89,-10.78,62.53,155.8,1.42
323,Henties Bay,1,NA,1587653815,58,22.27,-22.12,14.28,5.84
324,Matara,59,LK,1587653815,85,27.11,5.95,80.54,0.98
325,Liberty,75,US,1587653815,77,22.78,31.83,-81.5,2.1
326,Hurghada,0,EG,1587653815,34,26.65,27.26,33.81,4.12
327,Tigil',100,RU,1587653815,92,-2.29,57.8,158.67,5.37
328,Alekseyevsk,95,RU,1587653815,82,0.88,57.84,108.35,1.92
329,Ishigaki,92,JP,1587653815,81,20.07,24.34,124.16,11.85
330,Prince Albert,75,CA,1587653815,80,4.0,53.2,-105.77,3.1
331,Chicama,15,PE,1587653816,88,20.0,-7.84,-79.15,5.1
332,Oussouye,20,SN,1587653816,36,34.0,12.48,-16.55,1.0
333,Gavrilov Posad,78,RU,1587653816,66,2.37,56.56,40.12,5.55
334,Tabuk,98,PH,1587653816,83,24.24,17.42,121.44,1.37
335,Imbituba,0,BR,1587653579,53,25.0,-28.24,-48.67,2.6
336,Egvekinot,0,RU,1587653816,91,-11.72,66.32,-179.17,2.96
337,Shubarkuduk,93,KZ,1587653817,58,8.25,49.14,56.49,5.48
338,Honningsvåg,95,NO,1587653817,87,-0.32,70.98,25.97,8.43
339,Atkinson,1,US,1587653817,27,8.33,42.84,-71.15,4.6
340,Gorontalo,100,ID,1587653817,87,25.31,0.54,123.06,1.28
341,Fairbanks,90,US,1587653633,86,-1.11,64.84,-147.72,0.71
342,Savannah Bight,0,HN,1587653817,70,27.63,16.45,-85.85,10.36
343,Wilmington,90,US,1587653704,63,19.44,34.23,-77.94,1.5
344,Shingū,3,JP,1587653818,67,7.51,33.73,135.98,5.67
345,Manali,20,IN,1587653818,70,31.0,13.17,80.27,5.1
346,Longyan,100,CN,1587653818,99,13.33,25.11,117.02,1.52
347,Cururupu,77,BR,1587653818,84,27.75,-1.83,-44.87,2.19
348,Meulaboh,81,ID,1587653818,78,27.32,4.14,96.13,1.57
349,Vila,20,PT,1587653818,68,21.11,42.03,-8.16,5.7
350,Shunyi,0,CN,1587653819,14,15.0,40.12,116.65,3.0
351,Yamada,8,JP,1587653819,80,2.63,39.47,141.95,2.53
352,Olavarría,100,AR,1587653819,87,17.22,-36.89,-60.32,2.24
353,High Level,90,CA,1587653819,84,1.0,58.52,-117.14,2.6
354,Charters Towers,0,AU,1587653819,79,20.51,-20.1,146.27,2.65
355,Tooele,90,US,1587653617,58,12.0,40.53,-112.3,3.1
356,Erdenet,0,MN,1587653819,27,8.12,49.03,104.08,2.28
357,Ouadda,67,CF,1587653819,30,32.53,8.08,22.4,1.84
358,Rawlins,40,US,1587653559,56,7.22,41.79,-107.24,6.7
359,Lethem,82,GY,1587653820,42,32.96,3.38,-59.8,3.96
360,Willowmore,95,ZA,1587653820,24,23.23,-33.29,23.49,2.42
361,Sangar,100,RU,1587653820,98,-2.07,63.92,127.47,1.48
362,Bullhead City,1,US,1587653820,34,22.22,35.15,-114.57,1.15
363,Taoudenni,1,ML,1587653820,7,38.93,22.68,-3.98,2.98
364,Mońki,34,PL,1587653820,36,17.78,53.41,22.8,4.71
365,Płock,84,PL,1587653821,23,18.0,52.55,19.71,4.6
366,Buala,100,SB,1587653821,81,27.11,-8.14,159.59,3.67
367,Bonavista,3,CA,1587653821,86,1.58,48.65,-53.11,8.97
368,Chapleau,20,CA,1587653821,30,-2.0,47.84,-83.4,2.6
369,Birao,23,CF,1587653821,7,40.11,10.28,22.79,2.21
370,Skjervøy,99,NO,1587653821,59,2.0,70.03,20.97,3.6
371,Inhambane,40,MZ,1587653822,69,26.0,-23.86,35.38,3.1
372,Gerāsh,0,IR,1587653822,30,28.0,27.67,54.14,5.1
373,Batagay,88,RU,1587653822,95,-6.34,67.63,134.63,1.13
374,Bonthe,71,SL,1587653822,65,30.62,7.53,-12.51,5.35
375,Sitka,90,US,1587653822,93,7.0,57.05,-135.33,3.1
376,Hobyo,9,SO,1587653823,67,30.06,5.35,48.53,4.22
377,Dunedin,9,NZ,1587653823,64,10.56,-45.87,170.5,3.58
378,Uribia,100,CO,1587653823,59,30.13,11.71,-72.27,9.15
379,Grants,1,US,1587653823,39,8.0,35.15,-107.85,7.31
380,Gravelbourg,83,CA,1587653823,54,9.69,49.88,-106.55,3.92
381,Pisco,24,PE,1587653823,78,22.0,-13.7,-76.22,1.5
382,Half Moon Bay,90,US,1587653823,93,15.0,37.46,-122.43,4.6
383,Harwich,53,GB,1587653824,34,20.0,51.94,1.28,3.6
384,Sobolevo,100,RU,1587653824,55,11.22,54.43,31.9,4.2
385,Morant Bay,20,JM,1587653824,66,29.44,17.88,-76.41,3.6
386,Cabinda,20,AO,1587653824,66,32.0,-5.55,12.2,4.1
387,Znamenskoye,36,RU,1587653824,55,8.49,57.13,73.83,4.26
388,Sayyan,89,YE,1587653824,34,16.65,15.17,44.32,1.33
389,Bud,90,US,1587653824,100,12.22,39.45,-86.18,3.1
390,Russell,90,US,1587653825,87,14.0,32.35,-85.2,1.5
391,Iqaluit,75,CA,1587653708,78,-9.0,63.75,-68.51,7.2
392,Uvinza,91,TZ,1587653825,65,22.88,-5.1,30.39,0.88
393,Göksun,75,TR,1587653825,42,19.0,38.02,36.5,6.7
394,Yulara,75,AU,1587653825,26,29.0,-25.24,130.99,2.6
395,Auki,100,SB,1587653825,80,26.77,-8.77,160.7,1.38
396,Verāval,61,IN,1587653825,71,27.98,20.9,70.37,6.71
397,Grand-Santi,100,GF,1587653826,89,24.89,4.25,-54.38,0.72
398,Sivaki,15,RU,1587653826,85,-2.86,52.63,126.75,1.22
399,Vila Franca do Campo,40,PT,1587653826,77,17.0,37.72,-25.43,3.1
400,Hernani,20,ES,1587653826,77,18.33,43.27,-1.98,3.1
401,Maragogi,89,BR,1587653826,65,29.15,-9.01,-35.22,1.99
402,Sinnamary,77,GF,1587653826,79,27.27,5.38,-52.95,5.93
403,Kidal,0,ML,1587653826,6,41.28,18.44,1.41,1.67
404,Ketchikan,90,US,1587653827,93,8.0,55.34,-131.65,2.6
405,Erenhot,55,CN,1587653827,29,7.45,43.65,111.98,7.91
406,Yichang,65,CN,1587653827,58,14.38,30.71,111.28,1.68
407,Miramar,20,US,1587653827,48,30.0,25.99,-80.23,6.2
408,Nome,1,US,1587653827,73,-7.0,64.5,-165.41,1.5
409,Bathsheba,75,BB,1587653827,78,28.0,13.22,-59.52,9.8
410,Tinskoy,99,RU,1587653827,42,14.38,56.15,96.92,2.27
411,Nānākuli,90,US,1587653828,88,24.0,21.39,-158.15,3.1
412,Sines Municipality,100,PT,1587653828,83,16.67,37.96,-8.87,3.58
413,Paamiut,1,GL,1587653828,88,2.73,61.99,-49.67,2.51
414,Mana,54,GF,1587653828,83,27.2,5.66,-53.78,4.7
415,Husavik,100,IS,1587653828,49,9.0,66.04,-17.34,2.1
416,Senador Canedo,20,BR,1587653828,73,25.0,-16.71,-49.09,1.99
417,Calama,0,CL,1587653605,12,18.0,-22.47,-68.93,4.1
418,Gantt,75,US,1587653829,93,13.33,34.8,-82.42,2.1
419,Yar-Sale,66,RU,1587653829,86,1.86,66.83,70.83,5.85
420,Provincia di Savona,0,IT,1587653829,26,22.0,44.3,8.27,2.6
421,Murom,25,RU,1587653829,65,2.85,55.57,42.04,5.48
422,Kalmunai,99,LK,1587653829,79,28.56,7.42,81.82,3.98
423,Moussoro,31,TD,1587653830,5,42.2,13.64,16.49,5.39
424,Kokopo,97,PG,1587653830,78,26.08,-4.35,152.26,1.13
425,Tamiahua,77,MX,1587653830,69,29.95,21.27,-97.45,2.81
426,Mbanza-Ngungu,58,CD,1587653830,60,28.84,-5.25,14.87,1.05
427,Olafsvik,99,IS,1587653830,80,6.28,64.89,-23.71,5.57
428,Camaná,5,PE,1587653830,59,22.77,-16.62,-72.71,3.15
429,Zvishavane,0,ZW,1587653830,37,21.51,-20.33,30.07,3.94
430,Ürümqi,0,CN,1587653830,10,23.0,43.8,87.6,4.0
431,Sur,7,OM,1587653831,42,30.29,22.57,59.53,2.56
432,Silver City,1,US,1587653659,17,15.0,32.77,-108.28,4.6
433,Sola,95,VU,1587653831,82,27.63,-13.88,167.55,6.53
434,Pec,20,XK,1587653735,31,16.0,42.66,20.29,3.1
435,Vostok,1,RU,1587653831,91,-8.46,46.49,135.88,1.48
436,Sumbe,40,AO,1587653831,78,30.0,-11.21,13.84,4.1
437,Rockport,40,US,1587653831,74,29.0,28.02,-97.05,6.7
438,Monrovia,75,LR,1587653832,94,26.0,6.3,-10.8,1.5
439,Berezovyy,93,RU,1587653832,92,-6.7,51.67,135.7,1.58
440,Valparaíso,90,CL,1587653832,100,16.0,-33.04,-71.63,1.5
441,Ciudad Real,81,ES,1587653794,49,22.22,39.0,-4.0,1.5
442,Raudeberg,20,NO,1587653832,70,9.0,61.99,5.14,7.2
443,Saint-François,10,FR,1587653832,38,24.0,46.42,3.91,3.1
444,Kapit,100,MY,1587653832,95,23.94,2.02,112.93,0.66
445,Evansville,90,US,1587653604,93,13.89,37.97,-87.56,2.6
446,Malanje,33,AO,1587653833,59,24.06,-9.54,16.34,1.56
447,Banda Aceh,100,ID,1587653833,73,27.3,5.56,95.32,2.34
448,Lamont,1,US,1587653833,72,16.67,35.26,-118.91,2.24
449,Paris,0,FR,1587653672,29,26.67,48.85,2.35,2.6
450,Terney,0,RU,1587653833,92,-1.1,45.05,136.61,3.64
451,Omboué,98,GA,1587653833,73,29.2,-1.57,9.26,3.6
452,Arrecife,20,ES,1587653834,46,23.0,28.96,-13.55,10.8
453,Acarí,3,PE,1587653834,48,24.6,-15.43,-74.62,2.85
454,Binga,51,ZW,1587653834,38,26.19,-17.62,27.34,2.41
455,Kralendijk,75,BQ,1587653834,58,31.0,12.15,-68.27,8.7
456,Lanuza,11,PH,1587653834,84,25.41,9.23,126.06,0.56
457,Niamtougou,100,TG,1587653834,31,36.32,9.77,1.11,0.88
458,Tual,89,ID,1587653834,80,28.61,-5.67,132.75,8.85
459,Qax,90,AZ,1587653834,93,7.0,41.42,46.92,2.1
460,Remanso,20,BR,1587653835,45,30.37,-9.62,-42.08,1.28
461,Ponta Delgada,40,PT,1587653639,77,17.0,37.73,-25.67,3.1
462,Kawambwa,57,ZM,1587653835,53,21.76,-9.79,29.08,2.0
463,Kankan,71,GN,1587653835,37,35.11,10.39,-9.31,1.56
464,Belmonte,40,BR,1587653835,65,27.0,-15.86,-38.88,3.6
465,Pervomayskiy,98,RU,1587653835,54,7.1,53.25,40.29,5.46
466,Sørland,75,NO,1587653835,80,5.0,67.67,12.69,3.6
467,Kahului,20,US,1587653835,73,23.0,20.89,-156.47,5.1
468,The Valley,75,AI,1587653836,66,29.0,18.22,-63.06,4.6
469,Tessalit,0,ML,1587653836,6,39.97,20.2,1.01,4.27
470,Linxia Chengguanzhen,94,CN,1587653836,26,6.67,35.6,103.21,0.06
471,Mama,96,RU,1587653836,79,1.59,58.31,112.9,1.22
472,Paredon,9,MX,1587653836,64,29.74,16.03,-93.87,3.51
473,Ola,100,RU,1587653836,92,-2.21,59.58,151.28,10.41
474,Teguise,20,ES,1587653837,46,23.0,29.06,-13.56,10.8
475,Westport,90,US,1587653837,38,6.11,41.14,-73.36,3.1
476,Bulgan,0,MN,1587653837,26,8.91,48.81,103.53,2.08
477,Caramay,0,PH,1587653837,76,27.41,10.18,119.24,2.6
478,Hays,0,US,1587653837,54,23.89,30.05,-98.03,2.68
479,Itamaracá,20,BR,1587653837,70,30.0,-7.75,-34.83,2.6
480,Leh,20,IN,1587653838,13,3.87,34.17,77.58,2.08
481,Rocha,100,UY,1587653666,73,21.17,-34.48,-54.33,2.76
482,Sassandra,30,CI,1587653838,69,29.92,4.95,-6.08,3.68
483,Pitimbu,75,BR,1587653838,70,30.0,-7.47,-34.81,3.6
484,Stephenville,1,US,1587653838,49,21.11,32.22,-98.2,5.1
485,Alugan,0,PH,1587653838,83,27.47,12.22,125.48,5.35
486,Cambará,0,BR,1587653838,40,24.79,-23.05,-50.07,1.98
487,Mandera,100,KE,1587653839,48,31.12,3.94,41.87,2.17
488,Baiyin,97,CN,1587653839,11,9.44,36.56,104.21,4.0
489,Novozybkov,99,RU,1587653839,18,17.0,52.54,31.93,8.0
490,Mariehamn,21,AX,1587653839,29,11.0,60.1,19.93,4.6
491,Te Anau,30,NZ,1587653839,71,9.81,-45.42,167.72,3.36
492,Lucea,20,JM,1587653839,66,29.0,18.45,-78.17,6.7
493,Saldanha,100,ZA,1587653839,44,25.0,-33.01,17.94,2.6
494,Whitehorse,90,CA,1587653677,93,2.22,60.72,-135.05,1.0
495,Paita,66,PE,1587653840,65,25.0,-5.09,-81.11,7.7
496,Ishinomaki,27,JP,1587653840,80,5.26,38.42,141.3,4.67
497,Leshukonskoye,100,RU,1587653840,91,-2.61,64.9,45.76,4.34
498,Mossamedes,0,AO,1587653840,61,26.87,-15.2,12.15,4.26
499,Meylan,75,FR,1587653840,40,23.0,45.22,5.79,2.1
500,Mitchell,20,US,1587653840,58,13.0,43.71,-98.03,3.1
501,Gorom-Gorom,24,BF,1587653841,7,41.49,14.44,-0.24,1.04
502,Mujiayingzi,25,CN,1587653841,43,4.79,42.12,118.78,4.24
503,General Roca,100,AR,1587653841,77,16.0,-39.03,-67.58,1.0
504,Tadine,29,NC,1587653841,81,23.09,-21.55,167.88,5.34
505,Angoche,31,MZ,1587653841,79,25.47,-16.23,39.91,5.57
506,Padang,91,ID,1587653841,77,26.34,-0.95,100.35,1.35
507,Rio Brilhante,0,BR,1587653841,32,27.9,-21.8,-54.55,3.11
508,Santa Cruz de la Sierra,20,BO,1587653641,58,31.0,-17.8,-63.17,5.1
509,‘Āhuimanu,75,US,1587653842,78,24.0,21.44,-157.84,4.1
510,Beloha,3,MG,1587653842,72,22.9,-25.17,45.05,6.49
511,Faya,20,SA,1587653842,31,25.0,18.39,42.45,5.1
512,Chardara,91,KZ,1587653842,38,24.47,41.25,67.97,3.89
513,Hellvik,51,NO,1587653842,76,11.11,59.92,5.78,0.89
514,Saint-Prosper,28,CA,1587653842,57,-2.78,46.21,-70.48,4.02
515,Nago,90,JP,1587653842,55,17.0,26.59,127.98,4.6
516,Mahrīz,40,IR,1587653843,30,27.0,31.59,54.43,1.0
517,Quthing,0,LS,1587653843,23,20.04,-30.4,27.7,3.23
518,Vilyuysk,99,RU,1587653843,96,-0.33,63.76,121.62,3.74
519,Perama,75,GR,1587653843,50,15.56,37.98,23.58,5.1
520,Khalkhāl,99,IR,1587653843,50,8.47,37.62,48.53,2.66
521,Atambua,86,ID,1587653843,78,23.81,-9.11,124.89,3.28
522,Kasane,40,BW,1587653844,26,29.0,-17.82,25.15,4.1
523,Huarmey,35,PE,1587653844,57,24.69,-10.07,-78.15,3.09
524,Marsh Harbour,62,BS,1587653844,69,24.76,26.54,-77.06,8.28
525,Nishifukuma,90,JP,1587653844,61,10.0,33.77,130.47,4.1
526,Rengo,90,CL,1587653644,93,13.0,-34.42,-70.87,1.0
527,Chunskiy,18,RU,1587653844,42,10.68,56.08,99.63,2.94
528,Jiayuguan City,16,CN,1587653844,18,6.99,39.82,98.3,3.43
529,Homer,75,US,1587653845,86,5.56,59.64,-151.55,1.5
530,Torbay,75,CA,1587653845,56,5.0,47.67,-52.73,12.3
531,Saint-Joseph,40,RE,1587653845,78,25.0,-21.37,55.62,8.7
532,Beira,20,MZ,1587653845,65,28.0,-19.84,34.84,6.2
533,Okhotsk,100,RU,1587653845,94,-2.2,59.38,143.3,3.63
534,San Rafael,99,AR,1587653845,41,22.62,-34.62,-68.33,3.18
535,San Antonio,1,US,1587653761,53,24.44,29.42,-98.49,3.6
536,Fallon,1,US,1587653845,58,14.44,39.47,-118.78,4.1
537,Yemtsa,100,RU,1587653846,86,-1.61,63.07,40.33,4.93
538,Warrington,92,GB,1587653781,45,20.56,53.39,-2.58,1.5
539,Beijing,0,CN,1587653791,14,15.0,39.91,116.4,3.0
540,Hanyang,100,CN,1587653846,67,9.67,32.14,105.51,0.92
541,Pāsighāt,78,IN,1587653846,67,20.19,28.07,95.33,2.31
542,Redmond,90,US,1587653643,87,10.0,47.67,-122.12,3.1
543,Feicheng,12,CN,1587653846,43,8.76,35.26,117.97,1.08
544,Adeje,75,ES,1587653847,88,19.44,28.12,-16.73,4.6
545,Kudahuvadhoo,88,MV,1587653847,81,27.85,2.67,72.89,7.86
546,Carthage,40,TN,1587653847,49,21.0,36.86,10.33,6.7
547,Broome,90,US,1587653847,63,1.67,42.25,-75.83,2.6
548,Abhā,20,SA,1587653666,31,25.0,18.22,42.51,5.1
549,Darhan,0,MN,1587653847,30,11.09,49.49,105.92,1.08
550,Rudnik,14,PL,1587653847,37,19.0,49.85,19.85,1.0
551,Oneida,1,US,1587653848,32,3.33,43.2,-75.47,2.1
552,Wagga Wagga,90,AU,1587653848,77,15.0,-35.12,147.37,3.6
553,Andijan,96,UZ,1587653848,55,18.0,40.78,72.34,1.0
554,Nogliki,100,RU,1587653848,97,-2.82,51.83,143.17,9.82
555,Morondava,4,MG,1587653848,72,26.29,-20.28,44.28,3.28
556,Cap Malheureux,0,MU,1587653848,78,25.56,-19.98,57.61,2.24
557,Santa Maria,0,BR,1587653804,64,22.0,-29.68,-53.81,2.1
558,Simao,67,CN,1587653849,47,17.36,22.79,100.97,0.88
559,Areosa,43,PT,1587653849,68,21.11,41.72,-8.86,5.1
560,Lircay,75,PE,1587653849,51,15.0,-12.99,-74.72,2.1
561,Shankargarh,86,IN,1587653849,27,28.87,25.18,81.62,2.19
562,Vardø,75,NO,1587653849,74,-2.0,70.37,31.11,9.3
563,Mogadishu,79,SO,1587653849,71,29.09,2.04,45.34,3.65
564,Sorong,94,ID,1587653662,88,25.24,-0.88,131.25,0.48
565,Udachny,96,RU,1587653850,94,0.0,66.42,112.4,3.0
566,Kirakira,100,SB,1587653850,78,26.34,-10.45,161.92,1.35
567,Mahibadhoo,96,MV,1587653850,83,27.47,3.78,72.97,8.14
